,fingerprint_index,SMILES
408781366,0,[CH3]
588941139,1,[CH2]
1745124488,2,[CH]
3241453017,3,[OH]
4127301570,4,[CH3][CH2]
1983480163,5,[CH3][CH2][CH2]
2024190808,6,[CH2][CH2][CH2]
86881846,7,[CH2][CH2][CH]
576643729,8,[CH2][CH]([CH2])[OH]
3144674441,9,[CH][OH]
1798560833,10,[CH][CH2][OH]
2426331731,11,[CH2][OH]
4282534845,12,[CH3][CH2][CH2][CH2]
573991221,13,[CH3][CH2][CH2][CH2][CH2]
2523760786,14,[CH2][CH2][CH2][CH2][CH2]
3181151816,15,[CH2][CH2][CH2][CH2][CH]
145783782,16,[CH2][CH2][CH2][CH]([CH2])[OH]
3545311273,17,[CH2][CH2][CH]([OH])[CH2][OH]
417839564,18,[CH2][CH]([OH])[CH2][OH]
3289258337,19,[CH2][CH2][OH]
2378425522,20,[CH2][CH2][CH]([OH])[CH2][CH2]
3381796593,21,[CH2][CH]([OH])[CH2][CH2][OH]
2740006184,22,[CH][CH2][CH2][OH]
4201881788,23,[O]
3398511450,24,[CH2][CH2][O]
3904605687,25,[CH2][O][CH2]
3973554185,26,[CH2][CH2][CH2][CH2][O]
2036111385,27,[CH2][CH2][CH2][O][CH2]
1002117761,28,[CH2][CH2][O][CH2][CH2]
3029702872,29,[CH2][O][CH2][CH2][OH]
4078843245,30,[O][CH2][CH2][OH]
851741966,31,[CH2][O][CH2][CH2][O]
621123397,32,[C]
2352303636,33,[O]
3571421935,34,[N]
902542272,35,[C][CH2][CH2]
2885554181,36,[CH2][C]([N])=[O]
4269693325,37,[C]=[O]
2801205690,38,[C][N]([CH2])[CH2]
1055599604,39,[CH2][CH2][N]
916941086,40,[C][CH2][CH2][CH2][CH2]
2612086326,41,[CH2][CH2][CH2][C]([N])=[O]
3908494748,42,[CH2][CH2][C](=[O])[N]([CH2])[CH2]
1760253035,43,[CH2][CH2][N]([CH2][CH2])[C]([CH2])=[O]
1930391995,44,[C][N]([CH2])[CH2][CH2][OH]
2048987028,45,[N][CH2][CH2][OH]
71236097,46,[S]
1435798937,47,[C]
158835249,48,[F]
231096892,49,[CH2][CH2][S]
1031152895,50,[CH2][S][CH2]
1890015520,51,[CH2][CH2][C]
3593001374,52,[CH2][C]([C])([F])[F]
3234848093,53,[C][F]
3407265256,54,[C][C]([C])([F])[F]
3866641218,55,[C][C]([F])([F])[F]
1309337688,56,[CH2][O][CH2][CH2][S]
257635832,57,[CH2][S][CH2][CH2][O]
1267044541,58,[CH2][CH2][S][CH2][CH2]
2337533156,59,[C][CH2][CH2][S][CH2]
3900381110,60,[C][C]([F])([F])[CH2][CH2][S]
4107221408,61,[CH2][CH2][C]([F])([F])[C]([C])([F])[F]
2527760121,62,[CH2][C]([F])([F])[C]([F])([F])[C]([C])([F])[F]
1098490644,63,[C][C]([F])([F])[C]([F])([F])[C]([C])([F])[F]
1159371851,64,[C][C]([F])([F])[C]([F])([F])[C]([F])([F])[F]
1443725484,65,[C][C]([F])([F])[C]([F])([F])[F]
3975376304,66,[NH]
3252991652,67,[CH2][CH2][NH]
2491857742,68,[C][NH][CH2]
1714769704,69,[CH][C]([NH])=[O]
3222788951,70,[C][CH]([CH])[OH]
2695096831,71,[CH][CH]([CH])[OH]
2923224004,72,[CH][CH]([CH])[O]
1819756045,73,[CH][O][CH]
4117577934,74,[CH][CH]([O])[O]
2214335882,75,[CH2][CH]([CH])[O]
2372085681,76,[CH][CH]([CH2])[OH]
2752912622,77,[CH2][CH2][CH2][CH2][NH]
407570283,78,[C][NH][CH2][CH2][CH2]
4237277584,79,[CH2][CH2][NH][C]([CH])=[O]
2741650686,80,[CH2][NH][C](=[O])[CH]([CH])[OH]
3959565489,81,[CH][CH]([OH])[CH]([OH])[C]([NH])=[O]
3877724712,82,[C][CH]([OH])[CH]([OH])[CH]([CH])[O]
81019485,83,[CH][O][CH]([CH]([CH])[OH])[CH]([CH2])[OH]
1679980461,84,[CH][CH]([CH])[O][CH]([CH])[O]
430947395,85,[CH][O][CH]([O][CH])[CH]([CH])[OH]
1817541692,86,[CH2][CH]([CH])[O][CH]([CH])[O]
3891917854,87,[CH][O][CH]([CH2][OH])[CH]([CH])[OH]
372927762,88,[CH][CH]([O])[CH2][OH]
2927980111,89,[CH2][CH]([O])[CH]([OH])[CH]([CH])[OH]
3206445833,90,[CH][CH]([OH])[CH]([OH])[CH]([CH])[OH]
1303035840,91,[CH][CH]([OH])[CH]([OH])[CH]([O])[O]
2332653798,92,[CH][CH]([O])[CH]([OH])[CH2][OH]
2422962372,93,[CH][CH]([OH])[CH2][OH]
3920599003,94,[c]
3515050116,95,[cH]
2397784371,96,[O]
4261443002,97,[CH3][C]
3263740249,98,[CH3][C]([CH3])([CH3])[CH2]
1838759254,99,[C][CH2][C]
2893991463,100,[c][C]([CH2])([CH3])[CH3]
783474,101,[cH][c]([cH])[C]
3600308116,102,[c][cH][cH]
1387671358,103,[cH][c]([cH])[O]
3131694723,104,[c][O][CH2]
735415753,105,[CH2][CH2][O]
4087921815,106,[C][CH2][C]([CH3])([CH3])[CH3]
2521616730,107,[c][C]([CH3])([CH3])[CH2][C]([CH3])([CH3])[CH3]
2421166944,108,[cH][c]([cH])[C]([CH3])([CH3])[CH2][C]
1275262492,109,[cH][cH][c]([cH][cH])[C]([CH2])([CH3])[CH3]
514539310,110,[c][cH][cH][c]([cH])[C]
769270579,111,[c][cH][cH][c]([cH])[O]
2091061868,112,[cH][cH][c]([cH][cH])[O][CH2]
1550218408,113,[cH][c]([cH])[O][CH2][CH2]
3539367771,114,[c][O][CH2][CH2][O]
1853140583,115,[CH2][O][CH2][CH2][O]
489252890,116,[CH]
660852612,117,[CH][CH2][CH2]
1967043474,118,[CH]=[CH][CH2]
121491154,119,[CH2][C](=[O])[O]
3357693338,120,[C][O][C]
706208664,121,[CH][C]([O])([O])[O]
1178807438,122,[C][O][C]
171252351,123,[CH2][C]([CH])([O])[O]
2009652334,124,[C][CH2][OH]
1888241186,125,[C][O][CH]
1521486428,126,[C][CH]([CH])[OH]
3931992297,127,[CH][CH2][CH2][CH2][CH2]
1342761845,128,[CH2][CH]=[CH][CH2][CH2]
393315971,129,[CH][CH2][CH2][CH2][CH2]
2075690432,130,[CH2][CH2][CH2][C](=[O])[O]
342506161,131,[CH2][CH2][C](=[O])[O][C]
413989,132,[CH2][C](=[O])[O][C]([CH])([O])[O]
642590322,133,[C][O][C]([O][C])([O][CH])[CH]([CH])[OH]
2636515875,134,[CH2][C]([CH])([O])[O][C]([CH])([O])[O]
3326631563,135,[C][O][C]1([CH2][OH])[O][CH][CH][CH]1[OH]
3050258048,136,[CH][C]([O])([O])[CH2][OH]
3928907467,137,[CH2][CH]1[CH][CH][C]([CH2])([O])[O]1
501880765,138,[OH][CH2][CH]1[O][C][CH][CH]1[OH]
3948524823,139,[CH2][CH]1[O][C][CH]([OH])[CH]1[OH]
4070737170,140,[CH2][C]1([O])[O][CH][CH]([OH])[CH]1[OH]
3551923253,141,[CH2][CH]([CH])[O][C]([CH])([O])[O]
4207059025,142,[C][CH]([OH])[CH]([OH])[CH]([CH])[OH]
4044174637,143,[CH][CH]([OH])[CH]([OH])[C]([O])([O])[O]
4149765035,144,[CH2][C]([CH2])=[O]
2499891788,145,[C][CH2][C]
1274380646,146,[CH2][C]([NH])=[O]
2125122410,147,[C][NH][CH]
1185141286,148,[C][CH]([CH2])[NH]
348213010,149,[C][O][CH2]
721223836,150,[CH][C](=[O])[O]
3411060999,151,[CH2][CH2][CH2][C]([CH2])=[O]
1397168408,152,[C][CH2][C](=[O])[CH2][CH2]
1461191437,153,[CH2][C](=[O])[CH2][C]([NH])=[O]
1661468114,154,[C][CH2][C](=[O])[NH][CH]
4269529302,155,[C][CH]([CH2])[NH][C]([CH2])=[O]
602607626,156,[C][NH][CH]1[CH2][CH2][O][C]1=[O]
2931847920,157,[NH][CH]1[C][O][CH2][CH2]1
2299124326,158,[C]1[CH][CH2][CH2][O]1
1306681946,159,[O]=[C]1[CH][CH2][CH2][O]1
3011635797,160,[NH][CH]1[CH2][CH2][O][C]1=[O]
3995584013,161,[CH2][CH2][CH2][C]([NH])=[O]
3048624822,162,[CH2][CH2][C](=[O])[NH][CH]
1705832058,163,[CH][CH2][O]
377214159,164,[CH2][CH2][O][CH2][CH]
3644653999,165,[CH2][O][CH2][CH]([CH2])[OH]
1902895361,166,[O][CH2][CH]([OH])[CH2][OH]
3276440365,167,[CH2][O][CH]
3596705081,168,[CH2][CH2][CH2][O][CH]
3496841128,169,[CH2][CH2][O][CH]([CH])[O]
2435022155,170,[CH2][O][CH]([O][CH])[CH]([CH])[OH]
1787213279,171,[CH3][CH2][CH2][CH2][O]
1370603687,172,[CH2][O][CH2][CH]([CH])[OH]
28852130,173,[CH][CH]([OH])[CH]([OH])[CH2][O]
4077821095,174,[CH2][CH]([OH])[CH]([OH])[CH]([CH2])[OH]
223898928,175,[CH][CH]([OH])[CH]([OH])[CH2][OH]
2229815529,176,[CH][CH2][O]
1484539102,177,[CH2][CH2][C](=[O])[O][CH2]
2390892234,178,[CH][CH2][O][C]([CH2])=[O]
816209877,179,[C][O][CH2][CH]([CH])[OH]
3613431436,180,[CH][CH]([OH])[CH]([OH])[CH2][O]
2197588153,181,[C][CH2][CH2][CH2][CH3]
1884112722,182,[CH][CH2][S]
1743191698,183,[CH3][CH2][CH2][CH2][S]
1618255463,184,[CH2][CH2][S][CH2][CH]
3390522767,185,[CH2][S][CH2][CH]([CH])[OH]
1661692846,186,[CH][CH]([OH])[CH]([OH])[CH2][S]
3552386869,187,[CH2][CH2][CH2][CH2][S]
750899370,188,[CH2][CH]([CH2])[O]
420777578,189,[CH2][CH2][CH2][CH]([CH2])[O]
2283388940,190,[CH2][CH2][CH]([CH2][CH2])[O][CH]
1705320533,191,[CH][CH2][CH2][CH2][CH3]
3183810271,192,[CH2][CH]([CH2])[O][CH]([CH])[O]
196248589,193,[CH][CH2][CH3]
1010966955,194,[CH2][CH2][CH]([CH2][CH3])[O][CH]
1324304228,195,[CH3][CH2][CH]([CH2])[O]
2861614460,196,[CH2][CH]([CH3])[O]
2341116588,197,[CH][CH3]
3168840965,198,[CH2][CH2][CH2][CH]([CH3])[O]
664888003,199,[CH2][CH2][CH]([CH3])[O][CH]
3080629070,200,[CH2][CH]([CH3])[O][CH]([CH])[O]
2907664333,201,[CH3][CH2][CH2][CH]([CH2])[O]
489559798,202,[CH][CH2][CH2][CH3]
1094099305,203,[CH][CH]([O])[OH]
3069659651,204,[C][O][CH2][CH]([CH])[O]
1036062626,205,[CH][O][CH]([CH2][O])[CH]([CH])[OH]
894031831,206,[CH2][CH]([CH])[O][CH]([CH])[O]
3839474996,207,[CH][CH]([CH])[O][CH]([CH])[O]
1143273313,208,[CH][O][CH]([CH]([CH2])[O])[CH]([CH])[OH]
1638457800,209,[CH][O][CH]([CH2][OH])[CH]([CH])[O]
3004744193,210,[CH][CH]([CH2])[O][CH]([CH])[OH]
1059578621,211,[CH][O][CH]([OH])[CH]([CH])[OH]
1532064578,212,[CH][CH]([OH])[CH]([OH])[CH]([O])[OH]
961507039,213,[CH][CH]([O])[CH]([OH])[CH]([CH])[OH]
1359662803,214,[CH][CH]([OH])[CH]([OH])[CH]([O])[O]
1747242661,215,[CH2][CH]([O])[CH]([OH])[CH]([CH])[OH]
2332241438,216,[CH2][CH]([CH2])[S]
1090331025,217,[CH][S][CH2]
2551400646,218,[C][CH2][O]
1610330958,219,[CH2][C]([CH])([CH])[OH]
2376107557,220,[C][OH]
1222285943,221,[CH2][CH2][CH2][CH]([CH2])[S]
3293200936,222,[CH2][CH2][CH]([CH2][CH2])[S][CH2]
1946277337,223,[CH][CH2][CH2][CH2][CH2]
2278128926,224,[CH2][CH2][CH2][CH2][CH3]
3560052814,225,[CH2][CH2][S][CH]([CH2])[CH2]
3570086997,226,[C][CH2][CH2][S][CH]
3570825737,227,[O]=[C]([O])[CH2][CH2][S]
533625574,228,[C][CH2][O][C]([CH2])=[O]
3887521112,229,[C][O][CH2][C]([CH])([CH])[OH]
191217049,230,[O][CH2][C]1([OH])[CH]([OH])[CH][CH][CH]1[OH]
481702088,231,[CH2][C]1([OH])[CH][CH][CH]([OH])[CH]1[OH]
1710673832,232,[OH][CH]1[C][CH][CH]([OH])[CH]1[OH]
547755116,233,[C][N]([CH3])[CH2]
1803341746,234,[CH3][N]
2446782164,235,[CH][CH2][N]
3803011085,236,[CH2][CH2][C](=[O])[N]([CH3])[CH2]
4084507104,237,[CH][CH2][N]([CH3])[C]([CH2])=[O]
2597026646,238,[C][N]([CH3])[CH2][CH]([CH])[OH]
2757078340,239,[CH][CH]([OH])[CH]([OH])[CH2][N]
2724543709,240,[CH2][CH]([OH])[CH]([OH])[CH]([CH])[OH]
4000701299,241,[CH][CH]([OH])[CH]([OH])[CH]([CH2])[OH]
879718925,242,[CH][O][CH]([O][CH2])[CH]([CH])[OH]
1491160736,243,[CH][CH2][O][CH]([CH])[O]
2027753553,244,[CH][O][CH2][CH]([CH])[O]
3944326796,245,[CH][O][CH]([CH2][O])[CH]([CH])[OH]
3820773344,246,[CH][O][CH]([O][C])[CH]([CH])[OH]
2528937029,247,[CH][CH]([O])[O][C]([CH2])([CH])[O]
3669188260,248,[CH][O][C]1([CH2][OH])[O][CH][CH][CH]1[OH]
1441710936,249,[CH][CH]([O])[S]
4276961078,250,[C][O][CH]
2296787730,251,[CH2][CH2][S][CH]([CH])[O]
3012754189,252,[CH2][S][CH]1[O][C][CH][CH]1[OH]
1009112087,253,[O]=[C]1[CH][CH][CH]([S])[O]1
1319129750,254,[O]=[C]1[O][CH][CH][CH]1[OH]
3317694543,255,[O]=[C]1[O][CH][CH]([OH])[CH]1[OH]
3379771296,256,[OH][CH]1[C][O][CH]([S])[CH]1[OH]
2773042746,257,[CH][CH]([CH])[NH]
713929386,258,[CH2][C](=[O])[NH][CH]([CH])[CH]
3645562227,259,[C][NH][CH]([CH]([CH])[OH])[CH]([OH])[O]
3558632260,260,[CH][O][CH]([OH])[CH]([CH])[NH]
1622486702,261,[CH2][CH]([CH])[O][CH]([CH])[OH]
3854088682,262,[CH][CH]([NH])[CH]([OH])[CH]([CH])[OH]
3182230569,263,[CH][CH]([NH])[O]
1252377342,264,[CH2][C](=[O])[NH][CH]([CH])[O]
3286435975,265,[C][NH][CH]([O][CH])[CH]([CH])[OH]
2341381911,266,[CH2][CH]([CH])[O][CH]([CH])[NH]
2859558123,267,[CH][CH]([OH])[CH]([OH])[CH]([NH])[O]
3521674766,268,[CH3][CH]([CH3])[CH2]
3749137461,269,[CH2][CH]([CH3])[CH2]
890303584,270,[CH2][CH2][CH]([CH3])[CH3]
429162176,271,[CH2][CH2][CH2][CH]([CH3])[CH3]
1609620227,272,[CH][CH2][CH2][CH2][CH]
2916065127,273,[CH2][CH2][CH2][CH]([CH3])[CH2]
3443827600,274,[CH2][CH2][CH]([CH3])[CH2][CH2]
3864496752,275,[CH2][CH]([CH3])[CH2][CH2][O]
3451277419,276,[CH][CH2][CH2][O][CH]
3019778459,277,[CH][CH]([OH])[CH]([OH])[CH]([CH])[O]
3491661278,278,[NH2]
2657894680,279,[CH][CH]([CH])[NH2]
3096573822,280,[CH][NH2]
1788512139,281,[CH2][O][CH]([O][CH])[CH]([CH])[NH2]
1196534999,282,[CH][CH]([NH2])[CH]([OH])[CH]([CH])[OH]
225208655,283,[CH][CH]([OH])[CH]([NH2])[CH]([O])[O]
2252267083,284,[CH][C]([N])=[O]
3099071114,285,[CH2][CH2][CH2][CH2][N]
2286381650,286,[C][N]([CH3])[CH2][CH2][CH2]
1114952585,287,[CH][CH]([OH])[C](=[O])[N]([CH2])[CH3]
740467044,288,[CH][CH]([OH])[CH]([OH])[C]([N])=[O]
1634760702,289,[C][CH]([OH])[CH]([OH])[CH]([CH])[OH]
306690654,290,[C][N]([CH3])[CH2][CH]([CH2])[OH]
3565581287,291,[N][CH2][CH]([OH])[CH2][OH]
62115706,292,[CH2][CH2][C](=[O])[NH][CH2]
1946384536,293,[CH2][CH2][NH][C]([CH2])=[O]
1406341756,294,[C][NH][CH2][CH2][O]
1091477275,295,[CH][O][CH2][CH2][NH]
607398155,296,[CH2][CH]([OH])[CH]([OH])[CH]([CH])[O]
3031066059,297,[CH][CH]([O])[S]
3248565956,298,[CH2][CH2][S][CH]([CH])[O]
3286864617,299,[CH][O][CH]([S][CH2])[CH]([CH])[OH]
1783815106,300,[CH2][CH]([CH])[O][CH]([CH])[S]
1269635134,301,[CH][CH]([OH])[CH]([OH])[CH]([O])[S]
3240735605,302,[N+]
428597197,303,[Br-]
2192200467,304,[CH2][CH2][N+]
1918861958,305,[CH2][N+]([CH3])([CH3])[CH3]
3611146069,306,[CH3][N+]
2678747786,307,[Br-]
62653285,308,[CH2][CH2][CH2][CH2][N+]
4208819056,309,[CH2][CH2][CH2][N+]([CH3])([CH3])[CH3]
2568460223,310,[CH2][CH2][N+]([CH3])([CH3])[CH3]
111501795,311,[Cl-]
2525527364,312,[Cl-]
2098374967,313,[n+]
3124448797,314,[CH2][CH2][n+]
824248327,315,[cH][n+]([cH])[CH2]
1633510382,316,[cH][cH][n+]
697813700,317,[cH][cH][cH]
1465178872,318,[CH2][CH2][CH2][CH2][n+]
2540287087,319,[cH][n+]([cH])[CH2][CH2][CH2]
1990104767,320,[cH][cH][n+]([cH][cH])[CH2][CH2]
1686867986,321,[cH][cH][cH][n+]([cH])[CH2]
1203190805,322,[cH][cH][cH][cH][n+]
633535084,323,[cH][cH][cH][cH][cH]
1979065791,324,[cH][cH][cH][cH][n+]
1302177307,325,[I-]
3073107754,326,[I-]
3322176289,327,[CH2][N+]([CH3])([CH3])[CH2]
921809588,328,[CH3][CH2][N+]
2089578150,329,[CH2][CH2][CH2][N+]([CH3])([CH3])[CH2]
1211484075,330,[CH2][CH2][N+]([CH3])([CH3])[CH2][CH3]
2228762966,331,[CH3][CH2][N+]([CH2])([CH3])[CH3]
3462713981,332,[CH2][CH2][N+]([CH3])([CH3])[CH2][CH2]
3353269358,333,[CH3][CH2][CH2][CH2][N+]
1938109897,334,[CH2][CH2][CH2][CH2][N+]
1286939749,335,[CH2][N+]([CH2])([CH2])[CH2]
2050458021,336,[CH2][CH2][CH2][N+]([CH2])([CH2])[CH2]
2299724452,337,[CH2][CH2][N+]([CH2][CH3])([CH2][CH3])[CH2][CH3]
2187581013,338,[CH3][CH2][N+]([CH2])([CH2])[CH2]
167377009,339,[CH2][CH2][N+]([CH2][CH2])([CH2][CH2])[CH2][CH2]
4234581107,340,[CH3][CH2][CH2][N+]([CH2])([CH2])[CH2]
4250123158,341,[CH3][CH2][CH2][N+]
616617316,342,[c][CH2][N+]
3621312927,343,[cH][c]([cH])[CH2]
3577729846,344,[c][CH2][N+]([CH3])([CH3])[CH2][CH2]
3315927372,345,[cH][c]([cH])[CH2][N+]([CH2])([CH3])[CH3]
2256127832,346,[cH][cH][c]([cH][cH])[CH2][N+]
1386444742,347,[cH][cH][cH][c]([cH])[CH2]
304999553,348,[c][cH][cH][cH][cH]
2817429550,349,[c][cH][cH][cH][cH]
1855747504,350,[NH2+]
1872296144,351,[CH2][CH2][NH2+]
1388585467,352,[CH2][NH2+][CH2]
5892829,353,[CH2][CH2][CH2][CH2][NH2+]
1726319219,354,[CH2][CH2][NH2+][CH2][CH2]
2051503944,355,[CH2][NH2+][CH2][CH2][OH]
710819572,356,[NH2+][CH2][CH2][OH]
3527494607,357,[NH+]
1374326183,358,[CH2][CH2][NH+]
3491839826,359,[CH2][NH+][CH2]
2028199580,360,[CH2][CH2][CH2][CH2][NH+]
2986993041,361,[CH2][CH2][NH+][CH2][CH2]
3414460360,362,[NH+][CH2][CH2][OH]
1127585880,363,[N+]
3883108641,364,[CH2][CH2][N+]
3591372450,365,[CH2][N+][CH2]
2936323764,366,[CH2][CH2][CH2][CH2][N+]
4088424764,367,[CH2][CH2][CH2][N+][CH2]
1969785121,368,[CH2][CH2][N+][CH2][CH2]
1048144381,369,[CH2][N+][CH2][CH2][OH]
49634704,370,[N+][CH2][CH2][OH]
2082417254,371,[O-]
3452116591,372,[Na+]
3321722002,373,[C][CH]([CH])[NH]
3251373328,374,[CH][C](=[O])[O-]
3022818175,375,[C][O-]
2892200800,376,[CH][CH]([CH3])[CH3]
3723610781,377,[Na+]
1957747910,378,[C][CH]([CH])[NH][C]([CH2])=[O]
3713252146,379,[C][NH][CH]([C](=[O])[O-])[CH]([CH3])[CH3]
541810107,380,[CH][CH]([NH])[C](=[O])[O-]
2586996621,381,[C][CH]([NH])[CH]([CH3])[CH3]
786217196,382,[CH][CH2][CH]
3696080565,383,[C][NH][CH]([CH2][CH])[C](=[O])[O-]
3959810947,384,[C][CH]([NH])[CH2][CH]([CH3])[CH3]
2586652992,385,[CH][CH2][CH]([CH3])[CH3]
2153050381,386,[CH2][CH]([NH])[C](=[O])[O-]
25359439,387,[S]
143115241,388,[O-]
3288774080,389,[CH2][CH2][S]
559561749,390,[CH2][S](=[O])(=[O])[O-]
3793010329,391,[O]=[S]
948261548,392,[O-][S]
1379114443,393,[CH2][CH2][CH2][CH2][S]
3801297949,394,[CH2][CH2][CH2][S](=[O])(=[O])[O-]
583965603,395,[CH2][CH2][S](=[O])(=[O])[O-]
785852987,396,[Li+]
555433373,397,[Li+]
1218236502,398,[NH4+]
3881350886,399,[NH4+]
864961746,400,[K+]
3227148225,401,[K+]
3139822450,402,[CH2][O][S]
4169460189,403,[O]=[S](=[O])([O-])[O]
3788629559,404,[CH2][CH2][CH2][O][S]
2500116260,405,[CH2][CH2][O][S](=[O])(=[O])[O-]
2403922819,406,[CH2][O][S](=[O])(=[O])[O-]
2429873576,407,[CH][O][S]
2093002941,408,[CH3][N+]([CH3])([CH3])[CH3]
1417599018,409,[CH2][CH2][CH]([CH2][CH3])[O][S]
796933837,410,[CH2][CH]([CH2])[O][S](=[O])(=[O])[O-]
130298507,411,[CH][O][S](=[O])(=[O])[O-]
266954586,412,[O]=[S](=[O])([O-])[CH2][CH2][O]
2856973088,413,[O][CH2][CH2][O][S]
3469982137,414,[CH2][CH]([CH2])[CH2]
1074853702,415,[CH2][CH2][CH2][CH]([CH2])[CH2]
3863022917,416,[CH2][CH2][CH]([CH2][CH2])[CH2][O]
3990257242,417,[CH2][O][CH2][CH]([CH2])[CH2]
3006782345,418,[CH][CH2][O][CH2][CH2]
2305537368,419,[C][CH2][S]
1259662514,420,[CH2][CH2][CH2][CH2][O]
1801815853,421,[C][O][CH2][CH2][CH2]
591232293,422,[CH2][CH2][O][C]([CH2])=[O]
1267725339,423,[CH2][O][C](=[O])[CH2][S]
2902497525,424,[O]=[C]([O])[CH2][S](=[O])(=[O])[O-]
775589420,425,[C][CH2][S](=[O])(=[O])[O-]
2783401914,426,[C][CH2][CH]
2467778454,427,[C][CH]([CH2])[S]
211481179,428,[CH][S](=[O])(=[O])[O-]
4283370773,429,[CH3][CH2][CH2][CH2][O]
3974553930,430,[CH][CH2][C](=[O])[O][CH2]
2663566921,431,[C][CH]([S])[CH2][C](=[O])[O]
4212541494,432,[C][CH2][CH]([C](=[O])[O])[S](=[O])(=[O])[O-]
3695472099,433,[CH2][O][C](=[O])[CH]([CH2])[S]
1857740042,434,[CH3][CH2][CH2][CH2][O]
76339592,435,[C][CH]([CH2])[S](=[O])(=[O])[O-]
2132682886,436,[CH2][CH2][CH2][CH2][O]
164063215,437,[CH3][CH2][CH2][CH2][CH]
1679420352,438,[CH2][CH2][CH]([CH2][CH3])[CH2][O]
3204403125,439,[CH3][CH2][CH]([CH2])[CH2]
2361516328,440,[C][O][CH2][CH]([CH2])[CH2]
101638082,441,[CH][CH2][O][C]([CH])=[O]
908376279,442,[CH3][CH2][CH]([CH2][CH2])[CH2][O]
2676911214,443,[CH3][CH2][O]
756211591,444,[C][CH]([S])[CH2][CH2][CH2]
3059922128,445,[CH2][CH2][CH]([C](=[O])[O])[S](=[O])(=[O])[O-]
2187480152,446,[CH3][CH2][O][C]([CH])=[O]
3760148635,447,[C][O][CH2][CH3]
1004529331,448,[C][C](=[O])[O-]
1994536978,449,[C][C]([C])([F])[F]
62806935,450,[C][C]([F])([F])[C](=[O])[O-]
4044489879,451,[C][C]([F])([F])[C]([F])([F])[C](=[O])[O-]
3688788511,452,[C][C]([F])([F])[C]([F])([F])[C]([C])([F])[F]
3896180751,453,[C][C]([C])([C])[F]
3030245936,454,[C][C]([C])([F])[C]([F])([F])[C]([C])([F])[F]
2671810713,455,[C][C]([F])([F])[C]([F])([C]([F])([F])[F])[C]([F])([F])[F]
2750005640,456,[C][C]([C])([F])[C]([F])([F])[F]
4136178168,457,[C][S](=[O])(=[O])[O-]
38000535,458,[C][C]([F])([F])[S]
350061662,459,[C][C]([F])([F])[S](=[O])(=[O])[O-]
442880357,460,[C][C]([F])([F])[C]([F])([F])[S](=[O])(=[O])[O-]
203314278,461,[C][C]([F])([F])[C]([F])([F])[C]([F])([F])[S]
2694491829,462,[C][O][CH3]
2118281615,463,[CH3][O]
3500425073,464,[CH3][O][C](=[O])[CH]([CH2])[S]
3948548434,465,[CH3][O][C]([CH])=[O]
3820866657,466,[C][CH2][N+]
3960261470,467,[CH2][C](=[O])[O-]
2198875803,468,[C][CH2][N+]([CH3])([CH3])[CH2][CH2]
2623402620,469,[CH2][N+]([CH3])([CH3])[CH2][C](=[O])[O-]
3420594016,470,[N+][CH2][C](=[O])[O-]
2615745265,471,[C][CH2][CH2][CH2][N+]
2293285458,472,[CH2][CH2][CH2][C](=[O])[O-]
1806262150,473,[CH2][CH2][C](=[O])[O-]
2894374256,474,[C][CH]([CH2])[n+]
484558409,475,[cH][n+]([cH])[CH]
2013151618,476,[C][CH]([n+])[CH2][CH2][CH2]
1521919320,477,[cH][n+]([cH])[CH]([CH2][CH2])[C](=[O])[O-]
1691384989,478,[CH2][CH]([n+])[C](=[O])[O-]
469042018,479,[C][CH]([CH2])[n+]([cH][cH])[cH][cH]
3959902490,480,[cH][cH][cH][n+]([cH])[CH]
538663756,481,[N+][CH2][CH2][CH2][S]
2464993955,482,[CH2][CH2][CH]([CH3])[O][S]
593521759,483,[CH2][CH]([CH3])[O][S](=[O])(=[O])[O-]
3526348284,484,[CH2][CH2][CH]([CH2][CH2])[O][S]
3047967830,485,[OH]
3009818485,486,[CH2][C](=[O])[OH]
878571660,487,[C][OH]
388916357,488,[C][CH2][CH2][CH3]
1312710566,489,[CH3][CH2][CH2][C](=[O])[OH]
3870785572,490,[CH2][CH2][C](=[O])[OH]
1070016546,491,[c][CH2][CH2]
1331013553,492,[cH][c]([cH])[S]
2650064217,493,[c][S](=[O])(=[O])[O-]
4160164270,494,[c][CH2][CH2][CH2][CH2]
2235928868,495,[cH][c]([cH])[CH2][CH2][CH2]
4128661857,496,[cH][cH][c]([cH][cH])[CH2][CH2]
124492298,497,[c][cH][cH][c]([cH])[CH2]
345516751,498,[c][cH][cH][c]([cH])[S]
871016382,499,[cH][cH][c]([cH][cH])[S](=[O])(=[O])[O-]
406833608,500,[cH][c]([cH])[S](=[O])(=[O])[O-]
4147837068,501,[Cl]
3335290418,502,[CH2][CH]([CH])[Cl]
402589879,503,[CH][Cl]
2232104000,504,[CH2][CH2][CH2][CH]([CH])[Cl]
1776910650,505,[CH2][CH2][CH]([Cl])[CH]([CH2])[Cl]
685196495,506,[cH][c]([c])[CH2]
2958703329,507,[c][c]([cH])[S]
3953341340,508,[cH][c]([c])[CH2][CH2][CH2]
1924490039,509,[cH][cH][c]([CH2][CH2])[c]([cH])[S]
2997413541,510,[cH][cH][cH][c]([c])[CH2]
2707117664,511,[cH][cH][cH][c]([c])[S]
2763658541,512,[cH][cH][c]([c]([cH])[CH2])[S](=[O])(=[O])[O-]
1510572037,513,[c][c]([cH])[S](=[O])(=[O])[O-]
2661736763,514,[CH][C](=[O])[OH]
3185657995,515,[CH][S](=[O])(=[O])[OH]
742319307,516,[OH][S]
3679035539,517,[CH2][CH2][CH]([C](=[O])[OH])[S](=[O])(=[O])[OH]
1653582105,518,[CH2][CH]([S])[C](=[O])[OH]
3452765667,519,[C][CH]([CH2])[S](=[O])(=[O])[OH]
2160490821,520,[C][O][CH2][CH2][S]
199267337,521,[O]=[S](=[O])([O-])[CH2][CH2][O]
896371075,522,[CH2][S](=[O])(=[O])[OH]
14304074,523,[CH2][CH2][CH2][S](=[O])(=[O])[OH]
3058986608,524,[CH2][CH2][S](=[O])(=[O])[OH]
332384113,525,[CH3][CH]([CH3])[CH2][O]
3023649056,526,[C][O][CH2][CH]([CH3])[CH3]
2186057460,527,[c][CH2][N+]([CH3])([CH3])[CH3]
3376765918,528,[cH][c]([cH])[CH2][N+]([CH3])([CH3])[CH3]
915654391,529,[c][cH][c]
2749271213,530,[cH][cH][c]([cH][c])[CH2][CH2]
4062608866,531,[c][cH][cH][cH][c]
1095812867,532,[cH][cH][cH][c]([cH])[S]
1713523314,533,[c][cH][c]([cH][cH])[S](=[O])(=[O])[O-]
71203534,534,[cH][c]([CH2])[cH][c]([cH])[S]
3674161456,535,[Mg+2]
621952749,536,[Mg+2]
1272210415,537,[CH2][CH]([CH3])[O]
3447456111,538,[CH3][CH]([CH3])[CH2][CH]([CH3])[O]
2048574825,539,[C][O][CH]([CH3])[CH2][CH]
2363979157,540,[CH2][C](=[O])[O][CH]([CH2])[CH3]
1524857990,541,[CH][CH2][C](=[O])[O][CH]
1782706223,542,[CH][O][C](=[O])[CH]([CH2])[S]
3716994543,543,[CH][C](=[O])[O][CH]([CH3])[CH2]
2963803434,544,[CH3][CH]([CH3])[CH2][CH]([CH3])[O]
1689584280,545,[C][C](=[O])[OH]
3197915902,546,[C][C]([CH])([F])[F]
4142309346,547,[C][CH]([F])[F]
3041210955,548,[CH][F]
2392884277,549,[C][C]([F])([F])[C](=[O])[OH]
1243820954,550,[C][C]([F])([F])[C]([F])([F])[C](=[O])[OH]
2153518407,551,[C][C]([F])([F])[C]([F])([F])[C]([CH])([F])[F]
1625698519,552,[C][C]([F])([F])[C]([F])([F])[CH]([F])[F]
1689795932,553,[C][C]([F])([F])[CH]([F])[F]
524714601,554,[CH3][CH2][N+]([CH3])([CH3])[CH3]
2246907571,555,[CH3][CH2][CH2][CH2][N+]
3573421554,556,[NH3+]
226748839,557,[CH3][NH3+]
3893364355,558,[CH3][NH3+]
3964660806,559,[CH3][CH2][NH3+]
3868144824,560,[CH2][NH3+]
1477709281,561,[CH2][CH2][NH3+]
1611749325,562,[CH3][CH2][CH2][CH2][NH3+]
739778197,563,[CH2][CH2][CH2][NH3+]
3561666154,564,[CH2][CH2][CH2][CH2][NH3+]
3113070766,565,[CH][CH2][S]
2533991298,566,[CH2][CH2][CH]([CH2][CH2])[CH2][S]
2737713173,567,[CH2][CH]([CH2])[CH2][S](=[O])(=[O])[O-]
1276216540,568,[CH][CH2][S](=[O])(=[O])[O-]
328359259,569,[C][CH]([CH2])[CH]
4227756643,570,[C][CH]([C])[CH]
3922941137,571,[C][CH]([CH])[CH2][CH2][CH2]
155988671,572,[C][CH]([C])[CH]([CH2][CH2])[C](=[O])[O-]
1693040811,573,[CH2][CH]([CH])[C](=[O])[O-]
2957630513,574,[C][CH]([CH2])[CH]([C](=[O])[O-])[C](=[O])[O-]
2431079098,575,[C][CH]([CH])[C](=[O])[O-]
2736040354,576,[C][C]([F])([F])[F]
3987114041,577,[O]=[C]([OH])[C]([F])([F])[F]
1312820421,578,[O]=[C]([OH])[C]([F])([F])[C]([F])([F])[F]
2229066449,579,[C][C]([F])([F])[C]([F])([F])[F]
3753725248,580,[C][C]([F])([F])[C]([F])([F])[C]([F])([F])[F]
98935059,581,[C][C]([C])([F])[Cl]
556818971,582,[C][Cl]
2888322806,583,[C][C]([F])([F])[Cl]
2373972017,584,[C][C]([F])([Cl])[C]([F])([F])[C](=[O])[OH]
1392261734,585,[C][C]([F])([F])[C]([F])([Cl])[C]([F])([F])[Cl]
2856515848,586,[C][C]([F])([Cl])[C]([F])([F])[Cl]
3727851279,587,[C][C]([F])([F])[C]([F])([Cl])[C]([C])([F])[F]
2895045172,588,[C][C]([F])([Cl])[C]([F])([F])[C]([C])([F])[Cl]
2643275814,589,[C][C]([F])([F])[C]([F])([Cl])[C]([F])([F])[Cl]
289633615,590,[C][C]([F])([F])[C]([F])([Cl])[C]([C])([F])[F]
3089800925,591,[C][O][CH2][CH]([CH2])[OH]
568483321,592,[O][CH2][CH]([OH])[CH2][O]
1102086017,593,[CH2][CH]([OH])[CH2][O][S]
3099881834,594,[CH][CH2][O][S](=[O])(=[O])[O-]
94715735,595,[Mn+2]
4222875273,596,[Mn+2]
2025227050,597,[Cs+]
3791242671,598,[Cs+]
1040872489,599,[O]=[S](=[O])([O-])[O-]
594827437,600,[C][CH]([C])[CH2]
1659419527,601,[C][CH]([C])[CH2][CH2][CH2]
1979569716,602,[CH2][CH2][CH]([C](=[O])[O-])[C](=[O])[O-]
113429083,603,[C][CH]([CH2])[C](=[O])[O-]
432675792,604,[cH][cH][c]([cH][c])[C]([CH2])([CH3])[CH3]
1264833250,605,[cH][cH][cH][c]([cH])[C]
4225018528,606,[cH][c]([C])[cH][c]([cH])[S]
1543262749,607,[c][cH][c]([cH][c])[C]([CH2])([CH3])[CH3]
4058496833,608,[cH][c]([C])[cH][c]([cH])[C]
3840073358,609,[c][C]([CH3])([CH3])[CH2][C]([CH3])([CH3])[CH3]
968770203,610,[cH][c]([C])[cH][c]([cH])[S]
605291455,611,[c][cH][c]([cH][c])[S](=[O])(=[O])[O-]
3713539007,612,[c][C]([CH3])([CH3])[CH2][CH2][CH2]
1199783565,613,[cH][c]([cH])[C]([CH3])([CH3])[CH2][CH2]
3298282759,614,[CH2][CH2][CH]([CH2][CH2])[CH2][CH2]
1861799637,615,[c][CH2][CH2][CH]([CH2])[CH2]
2660408438,616,[cH][c]([cH])[CH2][CH2][CH]
2432363778,617,[c][CH2][CH]
1652123312,618,[CH2][CH2][CH]([CH3])[CH2][CH]
3017063849,619,[CH2][CH]([CH3])[CH2][CH]([CH2])[CH2]
2056480818,620,[c][CH2][CH]([CH2][CH])[CH2][CH2]
3326206608,621,[CH3][CH2][CH2][CH]([CH2])[CH2]
298809191,622,[cH][c]([cH])[CH2][CH]([CH2])[CH2]
2810036507,623,[cH][cH][c]([cH][cH])[CH2][CH]
